distances,distance_mean,minor_events,instability_x_current,ECEcore,ECEcore_mean,ECEcore_dx1,ECEcore_dx2,ZMAG,ZMAG_mean,LI,LI_mean,IPLA,fft_low,shot,label,window,IPLA_dx1,IPLA_dx2,IPLA_dx3,IPLA_ddx,IPLA_1,IPLA_2,IPLA_3,IPLA_4,IPLA_mean,time_window,Vloop_1,Vloop_2,Vloop_3,Vloop_4
"[  47251.75   38434.25   31351.5    14218.75    2360.25  -12512.5
  -26161.25  -35687.    -40613.75  -47970.    -53774.5   -56850.5
  -90163.5  -101625.5   -49695.  ]",-25429.133333333335,2.0,5346022.5,"[442.6914   466.4399   467.32544  491.09518  495.10568  504.41394
 519.67505  522.87335  533.0004   545.3351   550.31396  555.71893
 431.26636   21.53029    8.823416]",437.04056,-409.73605,-12.706875,"[0.28965047 0.24660058 0.24660058 0.24660058 0.24660058 0.24660058
 0.24660058 0.24660058 0.24660058 0.24660058 0.24660058 0.24660058
 0.24660058 0.24660058 0.24660058]",0.2494706,"[1.0385356 0.7620407 0.7620407 0.7620407 0.7620407 0.7620407 0.7620407
 0.7620407 0.7620407 0.7620407 0.7620407 0.7620407 0.7620407 0.7620407
 0.7620407]",0.78047377,"[2748872.2 2739139.2 2732056.5 2714054.  2702195.5 2687322.8 2672758.2
 2663232.5 2657390.2 2649164.2 2643359.8 2639368.2 2606055.2 2594593.2
 2645608.2]",40095170.25,94658,2,850,-33313.0,-11462.0,51015.0,62477.0,2645608.2,2672758.2,2663232.5,2687322.8,2673011.2,8.999,8.09335,-8.5503298441569,-4.743373394012451,4.453879
"[  47251.75   38434.25   31351.5    14218.75    2360.25  -12512.5
  -26161.25  -35687.    -40613.75  -47970.    -53774.5   -56850.5
  -90163.5  -101625.5   -49695.  ]",-25429.133333333335,7.0,18711078.0,"[442.6914   466.4399   467.32544  491.09518  495.10568  504.41394
 519.67505  522.87335  533.0004   545.3351   550.31396  555.71893
 431.26636   21.53029    8.823416]",437.04056,-409.73605,-12.706875,"[0.28965047 0.24660058 0.24660058 0.24660058 0.24660058 0.24660058
 0.24660058 0.24660058 0.24660058 0.24660058 0.24660058 0.24660058
 0.24660058 0.24660058 0.24660058]",0.2494706,"[1.0385356 0.7620407 0.7620407 0.7620407 0.7620407 0.7620407 0.7620407
 0.7620407 0.7620407 0.7620407 0.7620407 0.7620407 0.7620407 0.7620407
 0.7620407]",0.78047377,"[2748872.2 2739139.2 2732056.5 2714054.  2702195.5 2687322.8 2672758.2
 2663232.5 2657390.2 2649164.2 2643359.8 2639368.2 2606055.2 2594593.2
 2645608.2]",40095170.25,94658,2,851,-33313.0,-11462.0,51015.0,62477.0,2645608.2,2672758.2,2663232.5,2687322.8,2673011.2,8.999,8.09335,-8.5503298441569,-4.743373394012451,4.453879
"[-13557.75 -19015.75 -15703.5  -18599.   -16084.   -15644.25 -19325.5
 -18312.25 -24453.75 -24295.75 -29788.   -39183.75 -58013.5  -49794.
 316031.5 ]",-3049.2833333333333,8.0,18055596.0,"[711.4786    696.3585    692.65765   688.9189    691.7942    675.9408
 691.4057    693.4872    680.64233   684.6757    676.4389    447.5117
  24.684479   39.49013     5.0154505]",540.0334,14.805653,-34.47468,"[0.21888992 0.21282274 0.21282274 0.21282274 0.21282274 0.21282274
 0.21282274 0.21282274 0.21282274 0.21282274 0.21282274 0.21282274
 0.21282274 0.21282274 0.21282274]",0.2132272,"[1.3111607 1.3104417 1.3104417 1.3104417 1.3104417 1.3104417 1.3104417
 1.3104417 1.3104417 1.3104417 1.3104417 1.3104417 1.3104417 1.3104417
 1.3104417]",1.3104898,"[2249613.2 2244155.2 2246590.  2243694.5 2245293.8 2244817.8 2241136.5
 2241272.2 2235130.8 2235288.8 2228880.8 2218607.5 2199777.8 2207081.5
 2572907. ]",33854247.25,95467,2,852,-18829.75,7303.75,365825.5,358521.75,2572907.0,2241136.5,2241272.2,2244817.8,2256949.5,16.837,129.66621,-2.048447926839193,-2.20611310005188,-0.39787
"[-13557.75 -19015.75 -15703.5  -18599.   -16084.   -15644.25 -19325.5
 -18312.25 -24453.75 -24295.75 -29788.   -39183.75 -58013.5  -49794.
 316031.5 ]",-3049.2833333333333,13.0,29340348.0,"[711.4786    696.3585    692.65765   688.9189    691.7942    675.9408
 691.4057    693.4872    680.64233   684.6757    676.4389    447.5117
  24.684479   39.49013     5.0154505]",540.0334,14.805653,-34.47468,"[0.21888992 0.21282274 0.21282274 0.21282274 0.21282274 0.21282274
 0.21282274 0.21282274 0.21282274 0.21282274 0.21282274 0.21282274
 0.21282274 0.21282274 0.21282274]",0.2132272,"[1.3111607 1.3104417 1.3104417 1.3104417 1.3104417 1.3104417 1.3104417
 1.3104417 1.3104417 1.3104417 1.3104417 1.3104417 1.3104417 1.3104417
 1.3104417]",1.3104898,"[2249613.2 2244155.2 2246590.  2243694.5 2245293.8 2244817.8 2241136.5
 2241272.2 2235130.8 2235288.8 2228880.8 2218607.5 2199777.8 2207081.5
 2572907. ]",33854247.25,95467,2,853,-18829.75,7303.75,365825.5,358521.75,2572907.0,2241136.5,2241272.2,2244817.8,2256949.5,16.837,129.66621,-2.048447926839193,-2.20611310005188,-0.39787
"[1167629.25  1164927.5   1162933.5   1162276.625 1161002.375 1160106.
 1155192.25  1156463.625 1154886.75  1155591.    1153786.5   1153077.
 1298228.375 1308779.    1312420.625]",1188486.6916666667,5.0,5942433.5,"[892.6609  855.2241  858.839   858.839   863.16406 865.8386  862.76105
 863.2956  861.822   857.2468  857.2468  860.2772  664.4064  467.37277
 238.56671]",781.83746,-197.0336,-228.80606,"[0.05448151 0.05448151 0.05448151 0.05448151 0.05448151 0.05448151
 0.06466522 0.06466522 0.06466522 0.06466522 0.06466522 0.06466522
 0.06466522 0.06466522 0.06466522]",0.06059173,"[1.3508625 1.3508625 1.3508625 1.3508625 1.3508625 1.3508625 1.3397908
 1.3397908 1.3397908 1.3397908 1.3397908 1.3397908 1.3397908 1.3397908
 1.3397908]",1.3442193,"[1167629.2 1164927.5 1162933.5 1162276.6 1161002.4 1160106.  1155192.2
 1156463.6 1154886.8 1155591.  1153786.5 1153077.  1298228.4 1308779.
 1312420.6]",17827300.375,96292,2,854,145151.38,10550.625,3641.625,-6909.0,1312420.6,1155192.2,1156463.6,1160106.0,1188486.6,22.959,49.323544,19.165404001871746,-0.23575718700885773,0.360215
"[ -5220.75  -4906.25  -7341.    -8773.75  -5149.5   -4770.    -3835.5
  -7869.5   -8668.75 -12646.75 -13577.5  -22542.   -37735.25 -57286.25
 272575.25]",4816.833333333333,13.0,35956972.0,"[1320.242    1318.5951   1328.1821   1324.5626   1319.1528   1315.3767
 1324.8352   1302.4083   1296.5752   1282.4685   1293.7957   1276.3938
 1242.8203    997.69086    25.722712]",1197.9216,-245.12946,-971.96814,"[0.3317482 0.3317482 0.3317482 0.3375403 0.3375403 0.3375403 0.3375403
 0.3375403 0.3375403 0.3375403 0.3375403 0.3375403 0.3375403 0.3375403
 0.3375403]",0.33638188,"[1.0674772 1.0674772 1.0674772 1.0775095 1.0775095 1.0775095 1.0775095
 1.0775095 1.0775095 1.0775095 1.0775095 1.0775095 1.0775095 1.0775095
 1.0775095]",1.0755031,"[2758657.5 2758972.  2755621.8 2754189.  2757813.2 2757277.2 2757342.
 2753308.  2751593.  2747615.  2746684.2 2736804.2 2721611.  2701190.2
 3030136.2]",41488814.75,96374,2,855,-15193.25,-20420.75,328946.0,349366.75,3030136.2,2757342.0,2753308.0,2757277.2,2765921.0,11.522,102.40218,-2.4062201182047525,-2.0085105895996094,-3.2596025
"[ -5220.75  -4906.25  -7341.    -8773.75  -5149.5   -4770.    -3835.5
  -7869.5   -8668.75 -12646.75 -13577.5  -22542.   -37735.25 -57286.25
 272575.25]",4816.833333333333,18.0,49786576.0,"[1320.242    1318.5951   1328.1821   1324.5626   1319.1528   1315.3767
 1324.8352   1302.4083   1296.5752   1282.4685   1293.7957   1276.3938
 1242.8203    997.69086    25.722712]",1197.9216,-245.12946,-971.96814,"[0.3317482 0.3317482 0.3317482 0.3375403 0.3375403 0.3375403 0.3375403
 0.3375403 0.3375403 0.3375403 0.3375403 0.3375403 0.3375403 0.3375403
 0.3375403]",0.33638188,"[1.0674772 1.0674772 1.0674772 1.0775095 1.0775095 1.0775095 1.0775095
 1.0775095 1.0775095 1.0775095 1.0775095 1.0775095 1.0775095 1.0775095
 1.0775095]",1.0755031,"[2758657.5 2758972.  2755621.8 2754189.  2757813.2 2757277.2 2757342.
 2753308.  2751593.  2747615.  2746684.2 2736804.2 2721611.  2701190.2
 3030136.2]",41488814.75,96374,2,856,-15193.25,-20420.75,328946.0,349366.75,3030136.2,2757342.0,2753308.0,2757277.2,2765921.0,11.522,102.40218,-2.4062201182047525,-2.0085105895996094,-3.2596025
"[-19684.5  -25112.   -31618.75 -35860.5  -41649.5  -48114.25 -50655.5
 -52297.5  -55110.75 -59209.5  -62648.25 -70381.25 -74150.75 -80686.25
 200968.5 ]",-33747.38333333333,2.0,6510152.5,"[1705.4681 1686.1569 1666.6008 1659.496  1637.3849 1632.4865 1607.9518
 1351.9398 1582.566  1569.1604 1573.7467 1561.9803 1557.5754 1543.2798
 1371.265 ]",1580.4706,-14.295654,-172.01477,"[0.33297578 0.33297578 0.33297578 0.33297578 0.33297578 0.33297578
 0.33297578 0.33297578 0.33297578 0.33297578 0.33297578 0.33297578
 0.33297578 0.33297578 0.33297578]",0.3329758,"[1.0045539 1.0045539 1.0045539 1.0045539 1.0045539 1.0045539 1.0045539
 1.0045539 1.0045539 1.0045539 1.0045539 1.0045539 1.0045539 1.0045539
 1.0045539]",1.0045539,"[3272571.  3267143.5 3259675.5 3254419.2 3248630.2 3242165.5 3238609.5
 3236967.5 3233193.2 3228079.8 3224641.  3215947.  3212177.5 3205642.
 3486282. ]",48826144.5,96532,2,857,-3769.5,-6535.5,280640.0,287175.5,3486282.0,3238609.5,3236967.5,3242165.5,3255076.2,10.485,131.77548,-7.654169082641602,-6.220806121826172,-3.365239
"[-19684.5  -25112.   -31618.75 -35860.5  -41649.5  -48114.25 -50655.5
 -52297.5  -55110.75 -59209.5  -62648.25 -70381.25 -74150.75 -80686.25
 200968.5 ]",-33747.38333333333,7.0,22785534.0,"[1705.4681 1686.1569 1666.6008 1659.496  1637.3849 1632.4865 1607.9518
 1351.9398 1582.566  1569.1604 1573.7467 1561.9803 1557.5754 1543.2798
 1371.265 ]",1580.4706,-14.295654,-172.01477,"[0.33297578 0.33297578 0.33297578 0.33297578 0.33297578 0.33297578
 0.33297578 0.33297578 0.33297578 0.33297578 0.33297578 0.33297578
 0.33297578 0.33297578 0.33297578]",0.3329758,"[1.0045539 1.0045539 1.0045539 1.0045539 1.0045539 1.0045539 1.0045539
 1.0045539 1.0045539 1.0045539 1.0045539 1.0045539 1.0045539 1.0045539
 1.0045539]",1.0045539,"[3272571.  3267143.5 3259675.5 3254419.2 3248630.2 3242165.5 3238609.5
 3236967.5 3233193.2 3228079.8 3224641.  3215947.  3212177.5 3205642.
 3486282. ]",48826144.5,96532,2,858,-3769.5,-6535.5,280640.0,287175.5,3486282.0,3238609.5,3236967.5,3242165.5,3255076.2,10.485,131.77548,-7.654169082641602,-6.220806121826172,-3.365239
"[-147436.   -156619.5  -160354.   -168314.25 -175095.25 -183663.75
 -188693.25 -187661.75 -186860.25 -182470.5  -183373.75 -185882.25
 -196323.5  -229474.25  171496.5 ]",-157381.71666666667,2.0,6401594.5,"[1083.1449  1046.8461  1025.0475   950.26733  844.94763  880.2084
  972.9066  1014.3969   506.58914 1031.7603  1003.1898   988.0994
  943.5741   803.78204  267.45654]",890.81445,-139.79205,-536.3255,"[0.3924259  0.39441726 0.39441726 0.39441726 0.39441726 0.39441726
 0.39441726 0.39441726 0.39441726 0.39441726 0.39441726 0.39441726
 0.39441726 0.39441726 0.39441726]",0.39428452,"[1.207739  1.2131509 1.2131509 1.2131509 1.2131509 1.2131509 1.2131509
 1.2131509 1.2131509 1.2131509 1.2131509 1.2131509 1.2131509 1.2131509
 1.2131509]",1.21279,"[3213918.8 3203827.5 3200093.  3192132.8 3184444.  3175875.5 3169991.5
 3170115.2 3170916.8 3174398.8 3173495.5 3170987.  3159638.  3125579.2
 3526550. ]",48011963.5,96745,2,859,-11349.0,-34058.75,400970.75,435029.5,3526550.0,3169991.5,3170115.2,3175875.5,3200797.2,12.807,151.50467,-8.706153869628906,-9.687251091003418,-8.705491
"[-147436.   -156619.5  -160354.   -168314.25 -175095.25 -183663.75
 -188693.25 -187661.75 -186860.25 -182470.5  -183373.75 -185882.25
 -196323.5  -229474.25  171496.5 ]",-157381.71666666667,7.0,22405580.0,"[1083.1449  1046.8461  1025.0475   950.26733  844.94763  880.2084
  972.9066  1014.3969   506.58914 1031.7603  1003.1898   988.0994
  943.5741   803.78204  267.45654]",890.81445,-139.79205,-536.3255,"[0.3924259  0.39441726 0.39441726 0.39441726 0.39441726 0.39441726
 0.39441726 0.39441726 0.39441726 0.39441726 0.39441726 0.39441726
 0.39441726 0.39441726 0.39441726]",0.39428452,"[1.207739  1.2131509 1.2131509 1.2131509 1.2131509 1.2131509 1.2131509
 1.2131509 1.2131509 1.2131509 1.2131509 1.2131509 1.2131509 1.2131509
 1.2131509]",1.21279,"[3213918.8 3203827.5 3200093.  3192132.8 3184444.  3175875.5 3169991.5
 3170115.2 3170916.8 3174398.8 3173495.5 3170987.  3159638.  3125579.2
 3526550. ]",48011963.5,96745,2,860,-11349.0,-34058.75,400970.75,435029.5,3526550.0,3169991.5,3170115.2,3175875.5,3200797.2,12.807,151.50467,-8.706153869628906,-9.687251091003418,-8.705491
"[ 93336.5   83477.25  78637.75  71263.75  59637.    46388.25  32487.5
  22522.5   11171.     3545.25   -235.75  -6046.5  -21631.   -28353.
  63394.  ]",33972.96666666667,1.0,2846015.0,"[1224.4491 1224.4491 1224.4491 1224.4491 1224.4491 1224.4491 1224.4491
 1224.4491 1224.4491 1224.4491 1224.4491 1224.4491 1224.4491 1224.4491
 1224.4491]",1224.4491,0.0,0.0,"[0.32981384 0.32981384 0.32981384 0.32981384 0.32981384 0.32981384
 0.32981384 0.32981384 0.32981384 0.32981384 0.32981384 0.32981384
 0.32981384 0.32981384 0.32981384]",0.3298139,"[1.1557798 1.1557798 1.1557798 1.1557798 1.1557798 1.1557798 1.1557798
 1.1557798 1.1557798 1.1557798 1.1557798 1.1557798 1.1557798 1.1557798
 1.1557798]",1.1557797,"[2908899.8 2898170.8 2892403.8 2885029.8 2872533.2 2859284.5 2845383.8
 2834491.  2823139.5 2814644.2 2809935.5 2804124.8 2788540.2 2780948.8
 2872695.8]",42690225.25,96885,2,861,-15584.5,-7591.5,91747.0,99338.5,2872695.8,2845383.8,2834491.0,2859284.5,2846015.0,16.86,26.567656,-7.995843251546224,-3.3271732330322266,5.542852
"[-38204.375 -38016.25  -36169.375 -37892.    -37486.25  -35459.25
 -35159.625 -34584.75  -35650.25  -33097.25   -2665.5    19758.625
  30169.125  34437.875  34471.25 ]",-16369.866666666667,2.0,2279605.0,"[1436.5787  1447.8964  1412.8052  1415.363   1421.0712  1381.8342
 1315.9843  1230.2192  1173.4796   971.15985  730.39636 1119.9723
 1090.8129  1031.1354  1024.464  ]",1213.5449,-59.67749,-6.6713867,"[0.25657532 0.25657532 0.25657532 0.25657532 0.25657532 0.25657532
 0.25657532 0.25657532 0.25657532 0.25657532 0.25657532 0.25657532
 0.25657532 0.17673135 0.17673135]",0.24592946,"[1.6220275 1.6220275 1.6220275 1.6220275 1.6220275 1.6220275 1.6220275
 1.6220275 1.6220275 1.6220275 1.6220275 1.6220275 1.6220275 1.5181793
 1.5181793]",1.6081812,"[1122033.1 1120435.9 1122282.8 1120560.1 1119180.5 1121207.5 1121507.1
 1122082.  1121016.5 1121738.4 1152170.1 1174594.2 1183219.5 1187488.2
 1187521.6]",17097037.625,96993,2,862,8625.25,4268.75,33.375,-4235.375,1187521.6,1121507.1,1122082.0,1121207.5,1139802.5,20.192,15.021097,20.939951578776043,-0.3989526629447937,-2.424875
"[-112845.25 -121156.   -128806.5  -136889.   -140839.   -146921.
 -154307.5  -160283.5  -161965.25 -164932.   -170103.25 -176221.75
 -181411.25 -179770.75  122482.75]",-134264.61666666667,1.0,2578665.8,"[502.7386   501.04703  499.80536  495.00235  493.9828   478.14346
 473.7653   459.33554  453.8363   448.82822  438.33087  437.4708
 432.3042   412.063     37.885532]",437.63596,-20.24121,-374.17746,"[0.32519782 0.32519782 0.32519782 0.32519782 0.32519782 0.32519782
 0.32519782 0.32519782 0.32519782 0.32519782 0.32519782 0.32519782
 0.32519782 0.32519782 0.32519782]",0.32519776,"[1.0679737 1.0679737 1.0679737 1.0679737 1.0679737 1.0679737 1.0679737
 1.0679737 1.0679737 1.0679737 1.0679737 1.0679737 1.0679737 1.0679737
 1.0679737]",1.0679739,"[2603698.8 2594472.5 2585906.5 2577824.  2573004.2 2566922.2 2559535.8
 2552644.  2550046.8 2547080.  2541039.  2534920.5 2529731.  2530456.
 2832709.5]",38679990.75,96995,2,863,-5189.5,725.0,302253.5,301528.5,2832709.5,2559535.8,2552644.0,2566922.2,2578665.8,10.576,86.103195,-8.957742055257162,-9.9468355178833,-7.989725
"[-112845.25 -121156.   -128806.5  -136889.   -140839.   -146921.
 -154307.5  -160283.5  -161965.25 -164932.   -170103.25 -176221.75
 -181411.25 -179770.75  122482.75]",-134264.61666666667,6.0,15471996.0,"[502.7386   501.04703  499.80536  495.00235  493.9828   478.14346
 473.7653   459.33554  453.8363   448.82822  438.33087  437.4708
 432.3042   412.063     37.885532]",437.63596,-20.24121,-374.17746,"[0.32519782 0.32519782 0.32519782 0.32519782 0.32519782 0.32519782
 0.32519782 0.32519782 0.32519782 0.32519782 0.32519782 0.32519782
 0.32519782 0.32519782 0.32519782]",0.32519776,"[1.0679737 1.0679737 1.0679737 1.0679737 1.0679737 1.0679737 1.0679737
 1.0679737 1.0679737 1.0679737 1.0679737 1.0679737 1.0679737 1.0679737
 1.0679737]",1.0679739,"[2603698.8 2594472.5 2585906.5 2577824.  2573004.2 2566922.2 2559535.8
 2552644.  2550046.8 2547080.  2541039.  2534920.5 2529731.  2530456.
 2832709.5]",38679990.75,96995,2,864,-5189.5,725.0,302253.5,301528.5,2832709.5,2559535.8,2552644.0,2566922.2,2578665.8,10.576,86.103195,-8.957742055257162,-9.9468355178833,-7.989725
"[-233372.75  -236258.375 -241548.    -240210.625 -246635.625 -252710.75
 -258494.75  -263687.125 -267633.75  -270676.625 -270086.125 -164147.875
  -86383.25   -60067.625  -46592.25 ]",-209233.7,7.0,11989817.0,"[957.4571  960.9671  906.173   911.36005 899.11456 881.9399  669.7416
 739.6606  778.01447 812.6101  750.2309  369.1344  233.74307 238.97424
 290.02792]",693.2766,5.2311707,51.05368,"[0.35953346 0.35953346 0.35953346 0.35953346 0.35953346 0.35953346
 0.35953346 0.35953346 0.35953346 0.36902684 0.36902684 0.36902684
 0.36902684 0.36902684 0.36902684]",0.36333078,"[1.3780602 1.3780602 1.3780602 1.3780602 1.3780602 1.3780602 1.3780602
 1.3780602 1.3780602 1.3975863 1.3975863 1.3975863 1.3975863 1.3975863
 1.3975863]",1.3858708,"[1691856.9 1688101.5 1682811.9 1683233.6 1676808.6 1670733.5 1664034.
 1657971.9 1654025.2 1650066.8 1650657.2 1756595.5 1833444.6 1859760.2
 1872365.9]",25692467.375,96996,2,865,76849.125,26315.625,12605.625,-13710.0,1872365.9,1664034.0,1657971.9,1670733.5,1712831.2,17.271,40.138577,31.5519282023112,-9.225817680358887,-9.873772
"[-233372.75  -236258.375 -241548.    -240210.625 -246635.625 -252710.75
 -258494.75  -263687.125 -267633.75  -270676.625 -270086.125 -164147.875
  -86383.25   -60067.625  -46592.25 ]",-209233.7,12.0,20553974.0,"[957.4571  960.9671  906.173   911.36005 899.11456 881.9399  669.7416
 739.6606  778.01447 812.6101  750.2309  369.1344  233.74307 238.97424
 290.02792]",693.2766,5.2311707,51.05368,"[0.35953346 0.35953346 0.35953346 0.35953346 0.35953346 0.35953346
 0.35953346 0.35953346 0.35953346 0.36902684 0.36902684 0.36902684
 0.36902684 0.36902684 0.36902684]",0.36333078,"[1.3780602 1.3780602 1.3780602 1.3780602 1.3780602 1.3780602 1.3780602
 1.3780602 1.3780602 1.3975863 1.3975863 1.3975863 1.3975863 1.3975863
 1.3975863]",1.3858708,"[1691856.9 1688101.5 1682811.9 1683233.6 1676808.6 1670733.5 1664034.
 1657971.9 1654025.2 1650066.8 1650657.2 1756595.5 1833444.6 1859760.2
 1872365.9]",25692467.375,96996,2,866,76849.125,26315.625,12605.625,-13710.0,1872365.9,1664034.0,1657971.9,1670733.5,1712831.2,17.271,40.138577,31.5519282023112,-9.225817680358887,-9.873772
"[-14605.   -21332.   -27237.5  -30529.25 -29811.   -31308.   -32251.
 -31491.5  -32732.   -32126.75 -34362.75 -39043.   -58679.5  -88294.75
 245627.5 ]",-17211.766666666666,3.0,8512377.0,"[1280.7906    1274.5591    1283.315     1293.0613    1297.349
 1297.166     1301.3091    1310.2167    1304.5765    1301.5194
 1304.5864    1307.0547    1264.9021     664.2711       6.4438133]",1166.0747,-600.631,-657.82733,"[0.36101156 0.36101156 0.36101156 0.36101156 0.36101156 0.36101156
 0.36101156 0.36101156 0.36101156 0.36101156 0.36101156 0.36101156
 0.36101156 0.36101156 0.36101156]",0.36101153,"[1.0236683 1.0236683 1.0236683 1.0236683 1.0236683 1.0236683 1.0236683
 1.0236683 1.0236683 1.0236683 1.0236683 1.0236683 1.0236683 1.0236683
 1.0236683]",1.0236683,"[2836480.  2829753.  2830668.2 2826506.8 2827225.  2825728.  2823869.5
 2824629.  2822473.  2822208.5 2819972.5 2814376.5 2794740.  2765124.8
 3098131.5]",42561886.25,97396,2,867,-19636.5,-29615.25,333006.75,362622.0,3098131.5,2823869.5,2824629.0,2825728.0,2837459.0,11.089,121.35425,-5.841204325358073,-0.9426093697547913,-0.71276814
"[-124087.25 -132539.5  -136608.   -140027.   -143934.75 -147559.75
 -149317.   -150904.   -152475.   -153191.75 -157961.   -161261.25
 -169192.5  -207695.25 -132608.25]",-150624.15,1.0,2437018.8,"[417.9501   426.41727  431.2911   431.96368  433.11807  435.17334
 438.297    438.81894  440.34753  445.97137  447.46542  447.42343
 449.56607  118.893974   5.370521]",387.2045,-330.6721,-113.52345,"[0.2772872 0.2772872 0.2772872 0.2772872 0.2772872 0.2772872 0.2772872
 0.2772872 0.2772872 0.2772872 0.2772872 0.2772872 0.2772872 0.2772872
 0.2772872]",0.2772872,"[0.778543 0.778543 0.778543 0.778543 0.778543 0.778543 0.778543 0.778543
 0.778543 0.778543 0.778543 0.778543 0.778543 0.778543 0.778543]",0.7785431,"[2466751.  2457520.5 2452628.  2449209.  2445301.2 2440898.2 2439141.
 2436730.  2434380.8 2433664.  2428070.8 2424770.5 2416839.2 2377558.2
 2451821.2]",36555283.75,97399,2,868,-7931.25,-39281.0,74263.0,113544.0,2451821.2,2439141.0,2436730.0,2440898.2,2437018.8,12.236,23.237085,-10.843125661214193,-6.7583770751953125,-6.752464
"[-124087.25 -132539.5  -136608.   -140027.   -143934.75 -147559.75
 -149317.   -150904.   -152475.   -153191.75 -157961.   -161261.25
 -169192.5  -207695.25 -132608.25]",-150624.15,6.0,14622113.0,"[417.9501   426.41727  431.2911   431.96368  433.11807  435.17334
 438.297    438.81894  440.34753  445.97137  447.46542  447.42343
 449.56607  118.893974   5.370521]",387.2045,-330.6721,-113.52345,"[0.2772872 0.2772872 0.2772872 0.2772872 0.2772872 0.2772872 0.2772872
 0.2772872 0.2772872 0.2772872 0.2772872 0.2772872 0.2772872 0.2772872
 0.2772872]",0.2772872,"[0.778543 0.778543 0.778543 0.778543 0.778543 0.778543 0.778543 0.778543
 0.778543 0.778543 0.778543 0.778543 0.778543 0.778543 0.778543]",0.7785431,"[2466751.  2457520.5 2452628.  2449209.  2445301.2 2440898.2 2439141.
 2436730.  2434380.8 2433664.  2428070.8 2424770.5 2416839.2 2377558.2
 2451821.2]",36555283.75,97399,2,869,-7931.25,-39281.0,74263.0,113544.0,2451821.2,2439141.0,2436730.0,2440898.2,2437018.8,12.236,23.237085,-10.843125661214193,-6.7583770751953125,-6.752464
"[-261989.    -263706.125 -263587.5   -262717.625 -261958.    -258278.625
 -259004.875 -256990.    -252198.5   -231997.625 -106556.625  -80746.875
  -67020.375  -54269.375  -45983.5  ]",-195133.64166666666,7.0,10842758.0,"[884.8042  897.17474 782.03204 582.2002  472.76843 497.50952 468.01053
 373.80408 336.69244 352.8693  433.75363 260.566   291.01657 334.44678
 330.41974]",486.53787,43.430206,-4.0270386,"[0.2933174 0.2933174 0.2933174 0.2933174 0.2933174 0.2933174 0.2933174
 0.2933174 0.2933174 0.2933174 0.2933174 0.2933174 0.2933174 0.2933174
 0.2933174]",0.29331738,"[1.4937632 1.4937632 1.4937632 1.4937632 1.4937632 1.4937632 1.4937632
 1.4937632 1.4937632 1.4937632 1.4937632 1.4937632 1.4937632 1.4937632
 1.4937632]",1.4937631,"[1485302.5 1483585.4 1482788.4 1483658.2 1483502.4 1486312.  1485585.8
 1486685.  1491476.5 1511677.4 1636202.9 1661142.9 1674869.4 1686704.8
 1694990.6]",23234484.0,97405,2,870,13726.5,11835.375,8285.875,-3549.5,1694990.6,1485585.8,1486685.0,1486312.0,1548965.5,18.031,27.487368,51.4116465250651,-3.752103567123413,-5.1389856
"[-22593.625 -21198.75  -27093.75  -23892.75  -22803.875 -23138.125
 -22900.125 -22542.25  -22950.5   -20294.5   -20764.75   80550.75
 114195.75  121370.25  121778.875]",12514.841666666667,0.0,0.0,"[724.96356 713.3603  696.8318  692.1782  699.07166 673.35266 565.63885
 565.63885 454.51077 406.0503  402.5336  672.31934 280.42255 301.48248
 301.48248]",543.3225,21.059937,0.0,"[0.2580664 0.2580664 0.2580664 0.255516  0.255516  0.255516  0.255516
 0.255516  0.255516  0.255516  0.255516  0.255516  0.255516  0.255516
 0.255516 ]",0.2560261,"[1.5228542 1.5228542 1.5228542 1.5361577 1.5361577 1.5361577 1.5361577
 1.5361577 1.5361577 1.5361577 1.5361577 1.5361577 1.5361577 1.5361577
 1.5361577]",1.533497,"[1205440.6 1206835.5 1200940.5 1204141.5 1203399.4 1203065.1 1203303.1
 1203661.  1203252.8 1204123.4 1203653.1 1304968.6 1336828.2 1344002.8
 1344411.4]",18572027.0,97468,2,871,31859.625,7174.5,408.625,-6765.875,1344411.4,1203303.1,1203661.0,1203065.1,1238135.1,20.948,31.56736,30.705078125,0.1594478189945221,-1.755425
"[-36296.125 -38151.    -39632.125 -39311.    -40392.    -39945.875
 -36635.25  -32512.    -33815.75  -31955.125 -32719.625 -38825.375
  88146.5    96950.5    98327.75 ]",-10451.1,0.0,0.0,"[950.8731  940.8878  940.8878  964.7978  967.3919  977.07385 907.15857
 904.1839  760.5201  760.5201  628.7259  341.29333 376.38712 523.2451
 562.0235 ]",767.06464,146.858,38.77838,"[0.32894272 0.32894272 0.32894272 0.32894272 0.32894272 0.32894272
 0.32894272 0.32894272 0.32894272 0.32894272 0.32894272 0.32894272
 0.32894272 0.32894272 0.32894272]",0.32894275,"[1.5733042 1.5733042 1.5733042 1.5733042 1.5733042 1.5733042 1.5733042
 1.5733042 1.5733042 1.5733042 1.5733042 1.5733042 1.5733042 1.5733042
 1.5733042]",1.5733039,"[1170039.5 1166399.4 1164918.2 1165239.4 1164158.4 1164604.5 1166129.8
 1170253.  1168949.2 1168978.8 1168214.2 1162108.5 1289080.4 1296099.
 1297476.2]",17882648.5,97469,2,872,126971.875,7018.625,1377.25,-5641.375,1297476.2,1166129.8,1170253.0,1164604.5,1192176.5,21.203,34.495743,12.613104502360025,-0.11904454976320267,-1.8703887
"[-36296.125 -38151.    -39632.125 -39311.    -40392.    -39945.875
 -36635.25  -32512.    -33815.75  -31955.125 -32719.625 -38825.375
  88146.5    96950.5    98327.75 ]",-10451.1,5.0,5960883.0,"[950.8731  940.8878  940.8878  964.7978  967.3919  977.07385 907.15857
 904.1839  760.5201  760.5201  628.7259  341.29333 376.38712 523.2451
 562.0235 ]",767.06464,146.858,38.77838,"[0.32894272 0.32894272 0.32894272 0.32894272 0.32894272 0.32894272
 0.32894272 0.32894272 0.32894272 0.32894272 0.32894272 0.32894272
 0.32894272 0.32894272 0.32894272]",0.32894275,"[1.5733042 1.5733042 1.5733042 1.5733042 1.5733042 1.5733042 1.5733042
 1.5733042 1.5733042 1.5733042 1.5733042 1.5733042 1.5733042 1.5733042
 1.5733042]",1.5733039,"[1170039.5 1166399.4 1164918.2 1165239.4 1164158.4 1164604.5 1166129.8
 1170253.  1168949.2 1168978.8 1168214.2 1162108.5 1289080.4 1296099.
 1297476.2]",17882648.5,97469,2,873,126971.875,7018.625,1377.25,-5641.375,1297476.2,1166129.8,1170253.0,1164604.5,1192176.5,21.203,34.495743,12.613104502360025,-0.11904454976320267,-1.8703887
"[-37700.375 -38437.75  -35863.625 -39032.5   -37768.125 -36567.5
 -35664.625 -35096.75  -38028.625 -36864.25  -36379.625 -34410.75
  41360.25   59995.75   60301.875]",-18677.108333333334,1.0,1249534.8,"[ 828.5706   828.5706   785.9732   689.4615   521.10895  490.23163
  486.76178  472.2591   472.2591   404.78207  384.93335  426.43793
 1026.2667  1014.24554 1021.1768 ]",656.86926,-12.021179,6.9312744,"[0.33963704 0.33963704 0.33963704 0.33469832 0.33469832 0.33469832
 0.33469832 0.33469832 0.33469832 0.33469832 0.33469832 0.33469832
 0.33469832 0.33469832 0.33469832]",0.33568603,"[1.5447426 1.5447426 1.5447426 1.5530559 1.5530559 1.5530559 1.5530559
 1.5530559 1.5530559 1.5530559 1.5530559 1.5530559 1.5530559 1.5530559
 1.5530559]",1.5513935,"[1234097.5 1233360.1 1234148.9 1230980.  1232244.4 1231659.6 1232562.5
 1233130.4 1230198.5 1231362.9 1230016.5 1231985.4 1307756.4 1324606.5
 1324912.6]",18743022.125,97470,2,874,75771.0,16850.125,306.125,-16544.0,1324912.6,1232562.5,1233130.4,1231659.6,1249534.8,21.003,28.658978,11.59610366821289,0.2255106419324875,0.6727812
"[-352510.5   -358794.    -364251.25  -370064.25  -372003.    -375157.625
 -380751.125 -381012.75  -384577.    -388045.    -387153.    -341126.875
 -265754.375 -230243.625 -215446.375]",-344459.38333333336,6.0,9484402.0,"[1563.661   1565.8196  1537.239   1473.6709  1372.9882  1035.9043
  980.10535 1038.1469  1035.8315   964.19794  681.1207   264.85928
  132.45114  182.07213  235.68083]",937.5833,49.620987,53.608704,"[0.31409034 0.31409034 0.31409034 0.31409034 0.31409034 0.31409034
 0.32359654 0.32359654 0.32359654 0.32359654 0.32359654 0.32359654
 0.32359654 0.32359654 0.32359654]",0.31979403,"[1.280818  1.280818  1.280818  1.280818  1.280818  1.280818  1.3213413
 1.3213413 1.3213413 1.3213413 1.3213413 1.3213413 1.3213413 1.3213413
 1.3213413]",1.3051319,"[1575099.6 1568221.  1562763.8 1556309.9 1553776.  1550621.4 1544432.8
 1544171.1 1540606.9 1536543.8 1536840.6 1582866.8 1657644.1 1693154.9
 1707952.1]",23711004.625,97474,2,875,74777.375,35510.75,14797.25,-20713.5,1707952.1,1544432.8,1544171.1,1550621.4,1580733.6,14.914,33.882626,19.588185628255207,-9.978902816772461,-10.352615
"[ -2167.125  -2519.25   -2035.     -1121.375  -1144.75    -894.
  -2485.875   -450.875  -1185.5     -337.875 140168.875 157149.5
 158946.75  163939.875 166443.875]",51487.15,0.0,0.0,"[605.40247 525.19775 443.63223 456.57657 454.69754 433.81137 397.71515
 358.88455 378.98322 388.51868 523.667   552.4914  533.0246  534.6309
 476.73566]",470.93124,1.6063232,-57.895264,"[0.3099171 0.3099171 0.3099171 0.3032906 0.3032906 0.3032906 0.3032906
 0.3032906 0.3032906 0.3032906 0.3032906 0.3032906 0.3032906 0.3032906
 0.3032906]",0.3046159,"[1.5885105 1.5885105 1.5885105 1.5870264 1.5870264 1.5870264 1.5870264
 1.5870264 1.5870264 1.5870264 1.5870264 1.5870264 1.5870264 1.5870264
 1.5870264]",1.5873233,"[1619567.4 1619215.2 1618783.8 1618781.6 1618758.2 1618131.5 1616539.6
 1618574.6 1616924.2 1616894.2 1757401.  1773465.9 1775263.1 1780256.2
 1781882.8]",25050439.5,97475,2,876,1797.25,4993.125,1626.5,-3366.625,1781882.8,1616539.6,1618574.6,1618131.5,1670029.4,16.255,32.39709,56.490315755208336,-0.5923881530761719,0.07497687
"[ -2167.125  -2519.25   -2035.     -1121.375  -1144.75    -894.
  -2485.875   -450.875  -1185.5     -337.875 140168.875 157149.5
 158946.75  163939.875 166443.875]",51487.15,5.0,8350146.5,"[605.40247 525.19775 443.63223 456.57657 454.69754 433.81137 397.71515
 358.88455 378.98322 388.51868 523.667   552.4914  533.0246  534.6309
 476.73566]",470.93124,1.6063232,-57.895264,"[0.3099171 0.3099171 0.3099171 0.3032906 0.3032906 0.3032906 0.3032906
 0.3032906 0.3032906 0.3032906 0.3032906 0.3032906 0.3032906 0.3032906
 0.3032906]",0.3046159,"[1.5885105 1.5885105 1.5885105 1.5870264 1.5870264 1.5870264 1.5870264
 1.5870264 1.5870264 1.5870264 1.5870264 1.5870264 1.5870264 1.5870264
 1.5870264]",1.5873233,"[1619567.4 1619215.2 1618783.8 1618781.6 1618758.2 1618131.5 1616539.6
 1618574.6 1616924.2 1616894.2 1757401.  1773465.9 1775263.1 1780256.2
 1781882.8]",25050439.5,97475,2,877,1797.25,4993.125,1626.5,-3366.625,1781882.8,1616539.6,1618574.6,1618131.5,1670029.4,16.255,32.39709,56.490315755208336,-0.5923881530761719,0.07497687
"[-106841.   -117342.25 -129920.25 -142563.25 -152818.   -160789.75
 -165309.75 -169335.   -171479.   -171688.75 -170423.5  -167638.5
 -172371.25 -188942.25 -198278.  ]",-159049.36666666667,1.0,3265307.0,"[577.40924 590.5398  611.3577  624.93677 635.1202  643.4296  657.47217
 672.62244 666.6103  666.25305 683.8813  690.5005  693.06616 704.0313
 547.17444]",644.2937,10.965149,-156.85687,"[0.34366935 0.34366935 0.34366935 0.34366935 0.34366935 0.34366935
 0.34366935 0.34366935 0.34366935 0.34366935 0.34366935 0.34366935
 0.34366935 0.34366935 0.34366935]",0.34366938,"[0.85200566 0.85200566 0.85200566 0.85200566 0.85200566 0.85200566
 0.85200566 0.85200566 0.85200566 0.85200566 0.85200566 0.85200566
 0.85200566 0.85200566 0.85200566]",0.8520058,"[3318647.  3308145.8 3295247.2 3282604.2 3272029.  3263737.  3259217.
 3254871.2 3252727.2 3252517.5 3253462.5 3255927.  3251194.2 3234302.8
 3224967. ]",48979596.75,97477,2,878,-4732.75,-16891.5,-9335.75,7555.75,3224967.0,3259217.0,3254871.2,3263737.0,3265307.0,9.559,-11.23066,-8.430694580078125,-5.545526027679443,-1.6677893
"[3258971.   3255001.75 3249177.75 3243266.75 3237732.25 3233789.25
 3228236.75 3219808.   3213890.   3209423.25 3203751.   3196403.75
 3206743.5  3306417.   3438708.  ]",3246754.6666666665,3.0,9740265.0,"[1419.4482   1408.0807   1397.3639   1384.1068   1384.0101   1368.29
 1357.331    1345.9979   1324.2898   1288.5015   1272.7595   1268.1405
 1254.0747   1153.9327     14.347381]",1242.7117,-100.14197,-1139.5853,"[0.33278936 0.33278936 0.33278936 0.33278936 0.33278936 0.33278936
 0.33278936 0.33278936 0.33278936 0.33278936 0.33278936 0.33278936
 0.33278936 0.33278936 0.33278936]",0.3327894,"[1.0323737 1.0323737 1.0323737 1.0323737 1.0323737 1.0323737 1.0323737
 1.0323737 1.0323737 1.0323737 1.0323737 1.0323737 1.0323737 1.0323737
 1.0323737]",1.0323735,"[3258971.  3255001.8 3249177.8 3243266.8 3237732.2 3233789.2 3228236.8
 3219808.  3213890.  3209423.2 3203751.  3196403.8 3206743.5 3306417.
 3438708. ]",48701320.0,97806,2,879,10339.75,99673.5,132291.0,32617.5,3438708.0,3228236.8,3219808.0,3233789.2,3246754.8,10.715,66.6259,14.743167877197266,-7.505551338195801,-5.7134714
"[-97604.    -98339.75  -99603.375 -97532.125 -94056.375 -95093.75
 -91048.5   -89299.375 -83800.375 -83370.125  -9026.    121751.25
 186115.    217213.5   231637.75 ]",-12137.083333333334,22.0,42503030.0,"[1102.2515  1134.8231  1151.4126  1178.5509  1186.1182  1109.6493
 1041.7649   983.18445  939.88306  710.1065   439.63446  143.17595
  195.12439  195.34341  175.78436]",779.1204,0.21902466,-19.559052,"[0.25578937 0.25578937 0.25578937 0.25578937 0.25578937 0.25578937
 0.26349655 0.26349655 0.26349655 0.26349655 0.26349655 0.26349655
 0.26349655 0.26349655 0.26349655]",0.26041374,"[1.4394702 1.4394702 1.4394702 1.4394702 1.4394702 1.4394702 1.4607805
 1.4607805 1.4607805 1.4607805 1.4607805 1.4607805 1.4607805 1.4607805
 1.4607805]",1.4522564,"[1849644.8 1848039.2 1846775.6 1847931.2 1851407.  1850369.6 1853545.1
 1854378.8 1859877.8 1859392.4 1933736.5 2064513.8 2128007.8 2159106.2
 2172615. ]",28979340.75,97824,2,880,63494.0,31098.5,13508.75,-17589.75,2172615.0,1853545.1,1854378.8,1850369.6,1931956.0,14.431,60.153336,63.425272623697914,-1.9702726602554321,-4.812428
"[-97604.    -98339.75  -99603.375 -97532.125 -94056.375 -95093.75
 -91048.5   -89299.375 -83800.375 -83370.125  -9026.    121751.25
 186115.    217213.5   231637.75 ]",-12137.083333333334,27.0,52162816.0,"[1102.2515  1134.8231  1151.4126  1178.5509  1186.1182  1109.6493
 1041.7649   983.18445  939.88306  710.1065   439.63446  143.17595
  195.12439  195.34341  175.78436]",779.1204,0.21902466,-19.559052,"[0.25578937 0.25578937 0.25578937 0.25578937 0.25578937 0.25578937
 0.26349655 0.26349655 0.26349655 0.26349655 0.26349655 0.26349655
 0.26349655 0.26349655 0.26349655]",0.26041374,"[1.4394702 1.4394702 1.4394702 1.4394702 1.4394702 1.4394702 1.4607805
 1.4607805 1.4607805 1.4607805 1.4607805 1.4607805 1.4607805 1.4607805
 1.4607805]",1.4522564,"[1849644.8 1848039.2 1846775.6 1847931.2 1851407.  1850369.6 1853545.1
 1854378.8 1859877.8 1859392.4 1933736.5 2064513.8 2128007.8 2159106.2
 2172615. ]",28979340.75,97824,2,881,63494.0,31098.5,13508.75,-17589.75,2172615.0,1853545.1,1854378.8,1850369.6,1931956.0,14.431,60.153336,63.425272623697914,-1.9702726602554321,-4.812428
"[-151483.   -157910.   -165528.25 -171938.75 -157396.   -140427.25
 -125422.5  -110742.75 -113653.75 -127314.75 -141411.5  -156526.25
 -173806.   -191499.25 -156556.  ]",-149441.06666666668,4.0,11081005.0,"[513.00745 525.31976 442.2649  386.141   507.61572 439.75806 438.71512
 451.94308 455.6845  466.73532 471.70087 465.92218 468.6009  464.1021
 106.16265]",440.24493,-4.4987793,-357.93945,"[0.28124702 0.28124702 0.32594293 0.32594293 0.32594293 0.32594293
 0.32594293 0.32594293 0.32594293 0.32594293 0.32594293 0.32594293
 0.32594293 0.32594293 0.32594293]",0.3199835,"[0.9172249 0.9172249 1.0157796 1.0157796 1.0157796 1.0157796 1.0157796
 1.0157796 1.0157796 1.0157796 1.0157796 1.0157796 1.0157796 1.0157796
 1.0157796]",1.0026389,"[2771406.2 2764071.5 2756453.2 2750042.8 2763677.8 2779738.8 2794743.5
 2808515.5 2805604.5 2791943.5 2776938.8 2761824.  2743690.  2725089.
 2760032.2]",41553771.25,97830,2,882,-18134.0,-18601.0,34943.25,53544.25,2760032.2,2794743.5,2808515.5,2779738.8,2770251.2,11.509,21.956518,-8.694049835205078,3.5847561359405518,-10.091041
"[-151483.   -157910.   -165528.25 -171938.75 -157396.   -140427.25
 -125422.5  -110742.75 -113653.75 -127314.75 -141411.5  -156526.25
 -173806.   -191499.25 -156556.  ]",-149441.06666666668,9.0,24932262.0,"[513.00745 525.31976 442.2649  386.141   507.61572 439.75806 438.71512
 451.94308 455.6845  466.73532 471.70087 465.92218 468.6009  464.1021
 106.16265]",440.24493,-4.4987793,-357.93945,"[0.28124702 0.28124702 0.32594293 0.32594293 0.32594293 0.32594293
 0.32594293 0.32594293 0.32594293 0.32594293 0.32594293 0.32594293
 0.32594293 0.32594293 0.32594293]",0.3199835,"[0.9172249 0.9172249 1.0157796 1.0157796 1.0157796 1.0157796 1.0157796
 1.0157796 1.0157796 1.0157796 1.0157796 1.0157796 1.0157796 1.0157796
 1.0157796]",1.0026389,"[2771406.2 2764071.5 2756453.2 2750042.8 2763677.8 2779738.8 2794743.5
 2808515.5 2805604.5 2791943.5 2776938.8 2761824.  2743690.  2725089.
 2760032.2]",41553771.25,97830,2,883,-18134.0,-18601.0,34943.25,53544.25,2760032.2,2794743.5,2808515.5,2779738.8,2770251.2,11.509,21.956518,-8.694049835205078,3.5847561359405518,-10.091041
"[-17213.5  -15870.   -17268.75 -15518.75 -17263.5  -15284.25 -13562.5
 -15244.5  -15569.25 -13411.   -14182.75 -15470.25 -21314.75 -40876.25
 105424.75]",-9508.35,0.0,0.0,"[856.4431   840.95496  828.9146   812.7901   796.4641   790.85065
 769.24646  750.3711   739.3033   724.88574  731.3721   718.21436
 704.75635  695.6346    16.861187]",718.4708,-9.121765,-678.7734,"[0.24274805 0.24274805 0.24274805 0.24274805 0.24274805 0.24274805
 0.24274805 0.24274805 0.24274805 0.24274805 0.24274805 0.24274805
 0.24274805 0.24274805 0.24274805]",0.24274804,"[1.2364097 1.2364097 1.2364097 1.2364097 1.2364097 1.2364097 1.2364097
 1.2364097 1.2364097 1.2364097 1.2364097 1.2364097 1.2364097 1.2364097
 1.2364097]",1.2364099,"[2315181.2 2315617.  2314218.2 2315113.8 2313369.  2315348.2 2316162.2
 2313572.5 2313247.8 2314498.2 2313726.5 2312439.  2305686.8 2286125.2
 2431518.2]",34795824.0,97832,2,884,-6752.25,-19561.5,145393.0,164954.5,2431518.2,2316162.2,2313572.5,2315348.2,2319721.5,14.639,62.636864,-2.4233202934265137,-1.3024911880493164,-1.6711206
"[-17213.5  -15870.   -17268.75 -15518.75 -17263.5  -15284.25 -13562.5
 -15244.5  -15569.25 -13411.   -14182.75 -15470.25 -21314.75 -40876.25
 105424.75]",-9508.35,5.0,11598607.0,"[856.4431   840.95496  828.9146   812.7901   796.4641   790.85065
 769.24646  750.3711   739.3033   724.88574  731.3721   718.21436
 704.75635  695.6346    16.861187]",718.4708,-9.121765,-678.7734,"[0.24274805 0.24274805 0.24274805 0.24274805 0.24274805 0.24274805
 0.24274805 0.24274805 0.24274805 0.24274805 0.24274805 0.24274805
 0.24274805 0.24274805 0.24274805]",0.24274804,"[1.2364097 1.2364097 1.2364097 1.2364097 1.2364097 1.2364097 1.2364097
 1.2364097 1.2364097 1.2364097 1.2364097 1.2364097 1.2364097 1.2364097
 1.2364097]",1.2364099,"[2315181.2 2315617.  2314218.2 2315113.8 2313369.  2315348.2 2316162.2
 2313572.5 2313247.8 2314498.2 2313726.5 2312439.  2305686.8 2286125.2
 2431518.2]",34795824.0,97832,2,885,-6752.25,-19561.5,145393.0,164954.5,2431518.2,2316162.2,2313572.5,2315348.2,2319721.5,14.639,62.636864,-2.4233202934265137,-1.3024911880493164,-1.6711206
"[ 52352.5   50786.5   47994.    46578.    47321.    46273.5   46049.
  45138.    41766.    40423.5   37620.5   30484.5   21472.   -22155.5
 302242.25]",55623.05,2.0,7337069.0,"[1941.0697  1982.1993  2009.5771  2006.4402  2000.3665  2011.9368
 1998.0475  1998.5132  1981.4714  1947.9131  1968.205   1965.2136
 1902.4822  1933.6588    55.02127]",1846.8077,31.176636,-1878.6376,"[0.32261643 0.32261643 0.32261643 0.32261643 0.32261643 0.32261643
 0.32261643 0.32261643 0.32261643 0.32261643 0.32261643 0.32261643
 0.32261643 0.32261643 0.32261643]",0.32261643,"[0.9530425 0.9530425 0.9530425 0.9530425 0.9530425 0.9530425 0.9530425
 0.9530425 0.9530425 0.9530425 0.9530425 0.9530425 0.9530425 0.9530425
 0.9530425]",0.95304275,"[3668395.2 3666829.2 3663121.2 3660789.8 3661532.8 3659627.  3659402.5
 3658491.5 3654203.8 3652861.2 3649142.8 3641091.2 3632078.8 3588451.2
 3911990.8]",55028009.0,97835,2,886,-9012.5,-43627.5,323539.5,367167.0,3911990.8,3659402.5,3658491.5,3659627.0,3668534.5,11.477,110.18994,-5.835212707519531,2.436781167984009,6.4652147
"[ 52352.5   50786.5   47994.    46578.    47321.    46273.5   46049.
  45138.    41766.    40423.5   37620.5   30484.5   21472.   -22155.5
 302242.25]",55623.05,7.0,25679740.0,"[1941.0697  1982.1993  2009.5771  2006.4402  2000.3665  2011.9368
 1998.0475  1998.5132  1981.4714  1947.9131  1968.205   1965.2136
 1902.4822  1933.6588    55.02127]",1846.8077,31.176636,-1878.6376,"[0.32261643 0.32261643 0.32261643 0.32261643 0.32261643 0.32261643
 0.32261643 0.32261643 0.32261643 0.32261643 0.32261643 0.32261643
 0.32261643 0.32261643 0.32261643]",0.32261643,"[0.9530425 0.9530425 0.9530425 0.9530425 0.9530425 0.9530425 0.9530425
 0.9530425 0.9530425 0.9530425 0.9530425 0.9530425 0.9530425 0.9530425
 0.9530425]",0.95304275,"[3668395.2 3666829.2 3663121.2 3660789.8 3661532.8 3659627.  3659402.5
 3658491.5 3654203.8 3652861.2 3649142.8 3641091.2 3632078.8 3588451.2
 3911990.8]",55028009.0,97835,2,887,-9012.5,-43627.5,323539.5,367167.0,3911990.8,3659402.5,3658491.5,3659627.0,3668534.5,11.477,110.18994,-5.835212707519531,2.436781167984009,6.4652147
"[ -84997.    -83370.5   -82321.75  -82403.    -82344.    -80447.75
  -79904.    -80041.5   -82162.    -84887.75  -88740.25  -92553.
 -105940.75 -168693.    214935.  ]",-70924.75,2.0,6452231.0,"[1106.239   1053.4567  1005.135    951.1656   935.03973  886.6855
  849.00946  829.43945  788.98236  766.762    745.8873   727.526
  703.71234  677.2971   141.23055]",811.17114,-26.415222,-536.0666,"[0.38261116 0.38261116 0.38261116 0.38261116 0.38261116 0.38261116
 0.38261116 0.38261116 0.38261116 0.38261116 0.38261116 0.38261116
 0.38261116 0.38261116 0.38261116]",0.38261122,"[1.0783412 1.0783412 1.0783412 1.0783412 1.0783412 1.0783412 1.0783412
 1.0783412 1.0783412 1.0783412 1.0783412 1.0783412 1.0783412 1.0783412
 1.0783412]",1.0783412,"[3215108.2 3216734.8 3217783.5 3216687.8 3216746.8 3217628.2 3217211.
 3217073.5 3213938.2 3211212.5 3207360.  3202586.  3188183.8 3125431.5
 3508045. ]",48391730.75,97858,2,888,-14402.25,-62752.25,382613.5,445365.75,3508045.0,3217211.0,3217073.5,3217628.2,3226115.5,13.766,112.129944,-7.291062672932942,1.034578561782837,1.5168362
"[ -84997.    -83370.5   -82321.75  -82403.    -82344.    -80447.75
  -79904.    -80041.5   -82162.    -84887.75  -88740.25  -92553.
 -105940.75 -168693.    214935.  ]",-70924.75,7.0,22582808.0,"[1106.239   1053.4567  1005.135    951.1656   935.03973  886.6855
  849.00946  829.43945  788.98236  766.762    745.8873   727.526
  703.71234  677.2971   141.23055]",811.17114,-26.415222,-536.0666,"[0.38261116 0.38261116 0.38261116 0.38261116 0.38261116 0.38261116
 0.38261116 0.38261116 0.38261116 0.38261116 0.38261116 0.38261116
 0.38261116 0.38261116 0.38261116]",0.38261122,"[1.0783412 1.0783412 1.0783412 1.0783412 1.0783412 1.0783412 1.0783412
 1.0783412 1.0783412 1.0783412 1.0783412 1.0783412 1.0783412 1.0783412
 1.0783412]",1.0783412,"[3215108.2 3216734.8 3217783.5 3216687.8 3216746.8 3217628.2 3217211.
 3217073.5 3213938.2 3211212.5 3207360.  3202586.  3188183.8 3125431.5
 3508045. ]",48391730.75,97858,2,889,-14402.25,-62752.25,382613.5,445365.75,3508045.0,3217211.0,3217073.5,3217628.2,3226115.5,13.766,112.129944,-7.291062672932942,1.034578561782837,1.5168362
"[ 9.6525000e+02  1.5775000e+02  2.1165000e+03  2.8910000e+03
  1.8710000e+03 -1.5942500e+03  2.9047500e+03  3.1537500e+03
  2.4310000e+03  1.7585000e+03  3.5115000e+03  5.8747500e+03
  4.0127500e+03  8.4982500e+03  2.8338725e+05]",21462.65,2.0,5923888.5,"[1209.4739  1202.1008  1186.4613  1184.7455  1175.2319  1181.0073
 1183.2739  1179.9716  1163.1794  1148.4263  1139.1718  1143.7346
 1116.0474  1111.9695   726.13965]",1136.7289,-4.077881,-385.82983,"[0.26015875 0.26015875 0.26015875 0.26015875 0.26015875 0.26015875
 0.26015875 0.26015875 0.26015875 0.26015875 0.26015875 0.26015875
 0.26015875 0.26015875 0.26015875]",0.26015875,"[1.1895968 1.1895968 1.1895968 1.1895968 1.1895968 1.1895968 1.1895968
 1.1895968 1.1895968 1.1895968 1.1895968 1.1895968 1.1895968 1.1895968
 1.1895968]",1.1895968,"[2944658.8 2943851.2 2944882.5 2945657.  2943709.2 2939374.2 2943873.2
 2943194.8 2942472.  2941799.5 2942682.8 2944118.5 2942256.5 2945872.2
 3220761.2]",44429163.75,97927,2,890,-1862.0,3615.75,274889.0,271273.25,3220761.2,2943873.2,2943194.8,2939374.2,2961944.2,15.913,119.42495,1.5028409957885742,-1.3539738655090332,-1.8324007
"[ 9.6525000e+02  1.5775000e+02  2.1165000e+03  2.8910000e+03
  1.8710000e+03 -1.5942500e+03  2.9047500e+03  3.1537500e+03
  2.4310000e+03  1.7585000e+03  3.5115000e+03  5.8747500e+03
  4.0127500e+03  8.4982500e+03  2.8338725e+05]",21462.65,7.0,20733610.0,"[1209.4739  1202.1008  1186.4613  1184.7455  1175.2319  1181.0073
 1183.2739  1179.9716  1163.1794  1148.4263  1139.1718  1143.7346
 1116.0474  1111.9695   726.13965]",1136.7289,-4.077881,-385.82983,"[0.26015875 0.26015875 0.26015875 0.26015875 0.26015875 0.26015875
 0.26015875 0.26015875 0.26015875 0.26015875 0.26015875 0.26015875
 0.26015875 0.26015875 0.26015875]",0.26015875,"[1.1895968 1.1895968 1.1895968 1.1895968 1.1895968 1.1895968 1.1895968
 1.1895968 1.1895968 1.1895968 1.1895968 1.1895968 1.1895968 1.1895968
 1.1895968]",1.1895968,"[2944658.8 2943851.2 2944882.5 2945657.  2943709.2 2939374.2 2943873.2
 2943194.8 2942472.  2941799.5 2942682.8 2944118.5 2942256.5 2945872.2
 3220761.2]",44429163.75,97927,2,891,-1862.0,3615.75,274889.0,271273.25,3220761.2,2943873.2,2943194.8,2939374.2,2961944.2,15.913,119.42495,1.5028409957885742,-1.3539738655090332,-1.8324007
"[3499958.5  3497569.5  3497465.   3495558.   3492281.75 3488808.
 3482283.25 3474756.25 3468031.   3457501.25 3449161.75 3439834.75
 3420673.5  3434070.75 3838216.  ]",3495744.6166666667,4.0,13982978.0,"[780.9255  776.8752  772.254   761.9278  751.5131  739.4134  736.7007
 726.813   715.0697  661.58344 689.3459  699.19806 721.4826  733.06134
  17.74732]",685.59406,11.578735,-715.314,"[0.358632   0.358632   0.358632   0.34300947 0.34300947 0.34300947
 0.34300947 0.34300947 0.34300947 0.34300947 0.34300947 0.34300947
 0.34300947 0.34300947 0.34300947]",0.34613398,"[1.1621805 1.1621805 1.1621805 1.1532838 1.1532838 1.1532838 1.1532838
 1.1532838 1.1532838 1.1532838 1.1532838 1.1532838 1.1532838 1.1532838
 1.1532838]",1.1550633,"[3499958.5 3497569.5 3497465.  3495558.  3492281.8 3488808.  3482283.2
 3474756.2 3468031.  3457501.2 3449161.8 3439834.8 3420673.5 3434070.8
 3838216. ]",52436169.25,97943,2,892,-19161.25,13397.25,404145.25,390748.0,3838216.0,3482283.2,3474756.2,3488808.0,3495744.5,12.805,128.86249,-5.108893712361653,-4.522190093994141,-1.0383263
"[3499958.5  3497569.5  3497465.   3495558.   3492281.75 3488808.
 3482283.25 3474756.25 3468031.   3457501.25 3449161.75 3439834.75
 3420673.5  3434070.75 3838216.  ]",3495744.6166666667,9.0,31461700.0,"[780.9255  776.8752  772.254   761.9278  751.5131  739.4134  736.7007
 726.813   715.0697  661.58344 689.3459  699.19806 721.4826  733.06134
  17.74732]",685.59406,11.578735,-715.314,"[0.358632   0.358632   0.358632   0.34300947 0.34300947 0.34300947
 0.34300947 0.34300947 0.34300947 0.34300947 0.34300947 0.34300947
 0.34300947 0.34300947 0.34300947]",0.34613398,"[1.1621805 1.1621805 1.1621805 1.1532838 1.1532838 1.1532838 1.1532838
 1.1532838 1.1532838 1.1532838 1.1532838 1.1532838 1.1532838 1.1532838
 1.1532838]",1.1550633,"[3499958.5 3497569.5 3497465.  3495558.  3492281.8 3488808.  3482283.2
 3474756.2 3468031.  3457501.2 3449161.8 3439834.8 3420673.5 3434070.8
 3838216. ]",52436169.25,97943,2,893,-19161.25,13397.25,404145.25,390748.0,3838216.0,3482283.2,3474756.2,3488808.0,3495744.5,12.805,128.86249,-5.108893712361653,-4.522190093994141,-1.0383263
"[3314025.75 3311272.75 3309443.75 3304836.75 3299320.25 3292526.25
 3288426.75 3281756.5  3278929.   3276487.   3275045.5  3275497.25
 3262422.5  3233300.   3671703.5 ]",3311666.2333333334,2.0,6623332.5,"[1517.1755  1520.8346  1512.708   1508.9559  1501.3905  1479.629
 1464.0632  1462.9236  1449.7283  1429.0621  1430.0895  1416.225
 1389.474    335.72623   33.49308]",1296.7654,-1053.7478,-302.23315,"[0.34259912 0.34259912 0.34259912 0.34259912 0.34259912 0.34259912
 0.34259912 0.34259912 0.34259912 0.34259912 0.34259912 0.34259912
 0.34259912 0.34259912 0.34259912]",0.34259906,"[1.0162501 1.0162501 1.0162501 1.0162501 1.0162501 1.0162501 1.0162501
 1.0162501 1.0162501 1.0162501 1.0162501 1.0162501 1.0162501 1.0162501
 1.0162501]",1.0162504,"[3314025.8 3311272.8 3309443.8 3304836.8 3299320.2 3292526.2 3288426.8
 3281756.5 3278929.  3276487.  3275045.5 3275497.2 3262422.5 3233300.
 3671703.5]",49674993.5,97971,2,894,-13074.75,-29122.5,438403.5,467526.0,3671703.5,3288426.8,3281756.5,3292526.2,3311666.2,9.434,132.97745,-6.7370249430338545,-5.773618221282959,-3.4052258
"[3314025.75 3311272.75 3309443.75 3304836.75 3299320.25 3292526.25
 3288426.75 3281756.5  3278929.   3276487.   3275045.5  3275497.25
 3262422.5  3233300.   3671703.5 ]",3311666.2333333334,7.0,23181662.0,"[1517.1755  1520.8346  1512.708   1508.9559  1501.3905  1479.629
 1464.0632  1462.9236  1449.7283  1429.0621  1430.0895  1416.225
 1389.474    335.72623   33.49308]",1296.7654,-1053.7478,-302.23315,"[0.34259912 0.34259912 0.34259912 0.34259912 0.34259912 0.34259912
 0.34259912 0.34259912 0.34259912 0.34259912 0.34259912 0.34259912
 0.34259912 0.34259912 0.34259912]",0.34259906,"[1.0162501 1.0162501 1.0162501 1.0162501 1.0162501 1.0162501 1.0162501
 1.0162501 1.0162501 1.0162501 1.0162501 1.0162501 1.0162501 1.0162501
 1.0162501]",1.0162504,"[3314025.8 3311272.8 3309443.8 3304836.8 3299320.2 3292526.2 3288426.8
 3281756.5 3278929.  3276487.  3275045.5 3275497.2 3262422.5 3233300.
 3671703.5]",49674993.5,97971,2,895,-13074.75,-29122.5,438403.5,467526.0,3671703.5,3288426.8,3281756.5,3292526.2,3311666.2,9.434,132.97745,-6.7370249430338545,-5.773618221282959,-3.4052258
"[2358038.5  2353335.5  2341188.25 2328549.25 2315802.   2299054.5
 2289372.5  2278799.   2271488.   2267309.75 2263808.75 2261363.25
 2256427.5  2242960.25 2233783.5 ]",2290752.033333333,1.0,2290752.0,"[546.15784  569.1016   618.3923   635.786    662.73627  667.32715
 667.32715  685.7717   699.6231   724.0851   737.26636  744.15155
 738.76447  738.76447  100.326164]",635.7054,0.0,-638.4383,"[0.20719995 0.20719995 0.20719995 0.20719995 0.20719995 0.20719995
 0.20719995 0.20719995 0.20719995 0.20719995 0.20719995 0.20719995
 0.20719995 0.20719995 0.20719995]",0.20719999,"[0.9069317 0.9069317 0.9069317 0.9069317 0.9069317 0.9069317 0.9069317
 0.9069317 0.9069317 0.9069317 0.9069317 0.9069317 0.9069317 0.9069317
 0.9069317]",0.90693176,"[2358038.5 2353335.5 2341188.2 2328549.2 2315802.  2299054.5 2289372.5
 2278799.  2271488.  2267309.8 2263808.8 2261363.2 2256427.5 2242960.2
 2233783.5]",34361280.5,97974,2,896,-4935.75,-13467.25,-9176.75,4290.5,2233783.5,2289372.5,2278799.0,2299054.5,2290752.0,19.422,-3.5691824,-3.477426528930664,-0.42852944135665894,5.2836094
"[ -50146.25  -50574.5   -55160.    -60849.5   -64903.75  -70825.75
  -77542.25  -81161.5   -90640.25  -97541.25 -101219.75 -107121.
 -109322.   -104425.75  329433.75]",-52799.98333333333,4.0,14225609.0,"[1346.2177  1338.5448  1335.4199  1341.116   1341.8561  1333.7107
 1348.4071  1344.835   1289.6986  1269.6874  1301.8372  1269.0142
 1232.6962  1260.3364   528.31085]",1258.779,27.640259,-732.0256,"[0.35055003 0.36562616 0.36562616 0.36562616 0.36562616 0.36562616
 0.36562616 0.36562616 0.36562616 0.36562616 0.36562616 0.36562616
 0.36562616 0.36562616 0.36562616]",0.36462113,"[1.0143688 1.0726916 1.0726916 1.0726916 1.0726916 1.0726916 1.0726916
 1.0726916 1.0726916 1.0726916 1.0726916 1.0726916 1.0726916 1.0726916
 1.0726916]",1.0688035,"[3559303.5 3558817.2 3554231.8 3548542.2 3544430.  3538508.  3531675.5
 3527998.2 3518519.5 3511560.5 3507882.  3501980.8 3499721.8 3504502.
 3938361.5]",53346034.5,97985,2,897,-2259.0,4780.25,433859.5,429079.25,3938361.5,3531675.5,3527998.2,3538508.0,3556402.2,10.765,155.84865,-6.013593037923177,-5.05102014541626,-3.9660413
"[-26962.75  -24817.125 -24793.5   -25479.125 -25988.125 -26005.125
 -25248.75  -25829.75  -26498.125 -24713.125 -24028.25  -24351.5
 -21101.75  -27473.625  71356.875]",-18795.583333333332,1.0,1462253.9,"[705.6979  697.3765  732.34753 724.7532  568.1063  467.00122 467.00122
 461.56912 461.30212 451.85132 389.64453 357.36917 379.40625 379.40625
 368.7597 ]",507.4395,0.0,-10.646545,"[0.35883665 0.35883665 0.35883665 0.35883665 0.35075942 0.35075942
 0.35075942 0.35075942 0.35075942 0.35075942 0.35075942 0.35075942
 0.35075942 0.35075942 0.35075942]",0.35291338,"[1.60356   1.60356   1.60356   1.60356   1.5767318 1.5767318 1.5767318
 1.5767318 1.5767318 1.5767318 1.5767318 1.5767318 1.5767318 1.5767318
 1.5767318]",1.5838863,"[1457657.4 1458948.6 1458064.5 1457378.9 1455962.1 1455945.1 1456701.5
 1455212.6 1454544.2 1455421.5 1455198.5 1454875.2 1457270.6 1450898.8
 1549729.2]",21933808.875,97995,2,898,2395.375,-6371.875,98830.5,105202.375,1549729.2,1456701.5,1455212.6,1455945.1,1462253.9,17.276,42.44779,-0.5721418857574463,0.4856751561164856,0.35455188
"[  -7206.5   -13670.25  -13365.    -14590.25  -16737.75  -21280.
  -21960.75  -22474.    -22535.    -24707.5   -28597.25  -35231.
  -62820.5  -100683.5   145058.  ]",-17386.75,3.0,11330774.0,"[1161.956    1146.3386   1148.8855   1153.7651   1162.4929   1179.3964
 1169.3994   1165.5001   1171.7026   1155.882    1165.491     266.57672
   44.8034      9.475821   19.608799]",874.7517,-35.327576,10.132978,"[0.33312902 0.33312902 0.33312902 0.33312902 0.33312902 0.33312902
 0.33312902 0.33312902 0.33312902 0.33312902 0.33312902 0.33312902
 0.33312902 0.33312902 0.33312902]",0.333129,"[1.043706 1.043706 1.043706 1.043706 1.043706 1.043706 1.043706 1.043706
 1.043706 1.043706 1.043706 1.043706 1.043706 1.043706 1.043706]",1.043706,"[3787389.8 3780865.  3781170.2 3779884.  3777614.5 3773072.2 3772391.5
 3771817.2 3771756.2 3769522.5 3765571.8 3758938.  3731287.5 3693424.5
 3939166. ]",56653871.0,98005,2,899,-27650.5,-37863.0,245741.5,283604.5,3939166.0,3772391.5,3771817.2,3773072.2,3776924.8,13.588,98.77928,-7.460124333699544,-0.3951247036457062,1.7670844
